Workbook

Sheet Base
A1: Consecutivo radicación (Núm. Trámite) | B1: Gestor de tramite | C1: Razón para el estado | D1: Observaciones | E1: Recordatorio | F1: Fecha de creación (Fecha último requerimiento) | G1: Número de documento del contacto | H1: Contacto | I1: Correo electrónico (Contacto) | J1: Tipo trámite | K1: Eliminar Dupl. | L1: Fecha (Fecha de archivo) | M1: Dias. Dif | N1: Mas de 1 Reque. | O1: Mayor a 30 días | P1: Fecha de radicación (Trámite) | Q1: Tipo de documento del contacto | R1: Número de resolución de archivo | S1: Fecha de resolución de archivo | T1: Número de requerimento | U1: Texto Fecha de creación (Fecha último requerimiento) | V1: Texto Fecha de radicación (Trámite) | W1: Num. Automatico de pdf | X1: Archivo de resolución | Y1: Nombre del archivo de resolución | Z1: Nombre PDF / cedula + num resolucion | AA1: instructivo | AB1: Resolucion + instrucctivo separado de ; | AC1: Nombre carpeta
A2: 20193 | B2: Duvan Fabian Sanchez Vargas | C2: Requerido por documentación incompleta | D2: Posible Archivo | E2: Archivar | F2: 46150 | G2: 1026564480 | H2: ANDRES FERNANDO SALGADO AREVALO | I2: ANDRES.SALGADO.AREVALO@GMAIL.COM | J2: Tarjeta Profesional Digital | K2: Único | L2: 46184 | M2: 34 | N2: SI | O2: SI | P2: 46126 | Q2: Cédula de ciudadanía | R2: =IFERROR(VLOOKUP(Tabla1[[#This Row],[Número de documento del contacto]],'Resoluciones 1 (Res)'!$A:$C,2,0),"") -> 7480 | S2: =IFERROR(VLOOKUP(Tabla1[[#This Row],[Número de documento del contacto]],'Resoluciones 1 (Res)'!$A:$C,3,0),"") -> 46184.607 | T2: =IFERROR(VLOOKUP(Tabla1[[#This Row],[Número de documento del contacto]],'Resoluciones 2 (Req)'!$B:$E,3,0),"") -> 14813 | U2: =TEXT(F2, "d ""de"" mmmm ""de"" yyyy") -> 8 de mayo de 2026 | V2: =TEXT(P2, "d ""de"" mmmm ""de"" yyyy") -> 14 de abril de 2026 | W2: ="1-" & ROWS($W$2:W2) & ".pdf" -> 1-1.pdf | X2: =Tabla1[[#This Row],[Número de documento del contacto]]&"-"&Tabla1[[#This Row],[Número de resolución de archivo]]&".pdf" -> 1026564480-7480.pdf | Y2: ="ren """ & W2 & """ """ & X2 & """" -> ren "1-1.pdf" "1026564480-7480.pdf" | Z2: =Tabla1[[#This Row],[Número de documento del contacto]]&"_"&Tabla1[[#This Row],[Número de resolución de archivo]]&".pdf" -> 1026564480_7480.pdf | AA2: 10. Instructivo_Radicar_Activación_Credencial_DIGITAL_SIRNA.pdf | AB2: =Tabla1[[#This Row],[Nombre PDF / cedula + num resolucion]]&";"&Tabla1[[#This Row],[instructivo]] -> 1026564480_7480.pdf;10. Instructivo_Radicar_Activación_Credencial_DIGITAL_SIRNA.pdf | AC2: =Tabla1[[#This Row],[Número de resolución de archivo]]&"_"&Tabla1[[#This Row],[Número de documento del contacto]] -> 7480_1026564480
A3: 17938 | B3: Duvan Fabian Sanchez Vargas | C3: Requerido por documentación incompleta | D3: Posible Archivo | E3: Archivar | F3: 46149 | G3: 5307571 | H3: LUIS ALBERTO MORALES RIOS | I3: ABOGADOALBERTOMORALES@GMAIL.COM | J3: Tarjeta Profesional Digital | K3: Único | L3: 46184 | M3: 35 | N3: SI | O3: SI | P3: 46108 | Q3: Cédula de ciudadanía | R3: =IFERROR(VLOOKUP(Tabla1[[#This Row],[Número de documento del contacto]],'Resoluciones 1 (Res)'!$A:$C,2,0),"") -> 7693 | S3: =IFERROR(VLOOKUP(Tabla1[[#This Row],[Número de documento del contacto]],'Resoluciones 1 (Res)'!$A:$C,3,0),"") -> 46184.607 | T3: =IFERROR(VLOOKUP(Tabla1[[#This Row],[Número de documento del contacto]],'Resoluciones 2 (Req)'!$B:$E,3,0),"") -> 14604 | U3: =TEXT(F3, "d ""de"" mmmm ""de"" yyyy") -> 7 de mayo de 2026 | V3: =TEXT(P3, "d ""de"" mmmm ""de"" yyyy") -> 27 de marzo de 2026 | W3: ="1-" & ROWS($W$2:W3) & ".pdf" -> 1-2.pdf | X3: =Tabla1[[#This Row],[Número de documento del contacto]]&"-"&Tabla1[[#This Row],[Número de resolución de archivo]]&".pdf" -> 5307571-7693.pdf | Y3: ="ren """ & W3 & """ """ & X3 & """" -> ren "1-2.pdf" "5307571-7693.pdf" | Z3: =Tabla1[[#This Row],[Número de documento del contacto]]&"_"&Tabla1[[#This Row],[Número de resolución de archivo]]&".pdf" -> 5307571_7693.pdf | AA3: 10. Instructivo_Radicar_Activación_Credencial_DIGITAL_SIRNA.pdf | AB3: =Tabla1[[#This Row],[Nombre PDF / cedula + num resolucion]]&";"&Tabla1[[#This Row],[instructivo]] -> 5307571_7693.pdf;10. Instructivo_Radicar_Activación_Credencial_DIGITAL_SIRNA.pdf | AC3: =Tabla1[[#This Row],[Número de resolución de archivo]]&"_"&Tabla1[[#This Row],[Número de documento del contacto]] -> 7693_5307571
A4: 17782 | B4: Duvan Fabian Sanchez Vargas | C4: Requerido por documentación incompleta | D4: Posible Archivo | E4: Archivar | F4: 46149 | G4: 1033802942 | H4: DANIELA ALEJANDRA PINILLOS MORENO | I4: DANIELAPINILLOSM@GMAIL.COM | J4: Tarjeta Profesional Digital | K4: Único | L4: 46184 | M4: 35 | N4: SI | O4: SI | P4: 46107 | Q4: Cédula de ciudadanía | R4: =IFERROR(VLOOKUP(Tabla1[[#This Row],[Número de documento del contacto]],'Resoluciones 1 (Res)'!$A:$C,2,0),"") -> 7659 | S4: =IFERROR(VLOOKUP(Tabla1[[#This Row],[Número de documento del contacto]],'Resoluciones 1 (Res)'!$A:$C,3,0),"") -> 46184.607 | T4: =IFERROR(VLOOKUP(Tabla1[[#This Row],[Número de documento del contacto]],'Resoluciones 2 (Req)'!$B:$E,3,0),"") -> 14695 | U4: =TEXT(F4, "d ""de"" mmmm ""de"" yyyy") -> 7 de mayo de 2026 | V4: =TEXT(P4, "d ""de"" mmmm ""de"" yyyy") -> 26 de marzo de 2026 | W4: ="1-" & ROWS($W$2:W4) & ".pdf" -> 1-3.pdf | X4: =Tabla1[[#This Row],[Número de documento del contacto]]&"-"&Tabla1[[#This Row],[Número de resolución de archivo]]&".pdf" -> 1033802942-7659.pdf | Y4: ="ren """ & W4 & """ """ & X4 & """" -> ren "1-3.pdf" "1033802942-7659.pdf" | Z4: =Tabla1[[#This Row],[Número de documento del contacto]]&"_"&Tabla1[[#This Row],[Número de resolución de archivo]]&".pdf" -> 1033802942_7659.pdf | AA4: 10. Instructivo_Radicar_Activación_Credencial_DIGITAL_SIRNA.pdf | AB4: =Tabla1[[#This Row],[Nombre PDF / cedula + num resolucion]]&";"&Tabla1[[#This Row],[instructivo]] -> 1033802942_7659.pdf;10. Instructivo_Radicar_Activación_Credencial_DIGITAL_SIRNA.pdf | AC4: =Tabla1[[#This Row],[Número de resolución de archivo]]&"_"&Tabla1[[#This Row],[Número de documento del contacto]] -> 7659_1033802942
A5: 17734 | B5: Duvan Fabian Sanchez Vargas | C5: Requerido por documentación incompleta | D5: Posible Archivo | E5: Archivar | F5: 46149 | G5: 7182978 | H5: CARLOS ANDRES PEREZ RUIZ | I5: PEREZANDRES78@YAHOO.ES | J5: Tarjeta Profesional Digital | K5: Único | L5: 46184 | M5: 35 | N5: SI | O5: SI | P5: 46107 | Q5: Cédula de ciudadanía | R5: =IFERROR(VLOOKUP(Tabla1[[#This Row],[Número de documento del contacto]],'Resoluciones 1 (Res)'!$A:$C,2,0),"") -> 7516 | S5: =IFERROR(VLOOKUP(Tabla1[[#This Row],[Número de documento del contacto]],'Resoluciones 1 (Res)'!$A:$C,3,0),"") -> 46184.607 | T5: =IFERROR(VLOOKUP(Tabla1[[#This Row],[Número de documento del contacto]],'Resoluciones 2 (Req)'!$B:$E,3,0),"") -> 14643 | U5: =TEXT(F5, "d ""de"" mmmm ""de"" yyyy") -> 7 de mayo de 2026 | V5: =TEXT(P5, "d ""de"" mmmm ""de"" yyyy") -> 26 de marzo de 2026 | W5: ="1-" & ROWS($W$2:W5) & ".pdf" -> 1-4.pdf | X5: =Tabla1[[#This Row],[Número de documento del contacto]]&"-"&Tabla1[[#This Row],[Número de resolución de archivo]]&".pdf" -> 7182978-7516.pdf | Y5: ="ren """ & W5 & """ """ & X5 & """" -> ren "1-4.pdf" "7182978-7516.pdf" | Z5: =Tabla1[[#This Row],[Número de documento del contacto]]&"_"&Tabla1[[#This Row],[Número de resolución de archivo]]&".pdf" -> 7182978_7516.pdf | AA5: 10. Instructivo_Radicar_Activación_Credencial_DIGITAL_SIRNA.pdf | AB5: =Tabla1[[#This Row],[Nombre PDF / cedula + num resolucion]]&";"&Tabla1[[#This Row],[instructivo]] -> 7182978_7516.pdf;10. Instructivo_Radicar_Activación_Credencial_DIGITAL_SIRNA.pdf | AC5: =Tabla1[[#This Row],[Número de resolución de archivo]]&"_"&Tabla1[[#This Row],[Número de documento del contacto]] -> 7516_7182978
A6: 17445 | B6: Duvan Fabian Sanchez Vargas | C6: Requerido por documentación incompleta | D6: Posible Archivo | E6: Archivar | F6: 46149 | G6: 10026088 | H6: JUAN MANUEL VANEGAS ACEVEDO | I6: VANEGAS_ABOGADO@HOTMAIL.COM | J6: Tarjeta Profesional Digital | K6: Único | L6: 46184 | M6: 35 | N6: SI | O6: SI | P6: 46106 | Q6: Cédula de ciudadanía | R6: =IFERROR(VLOOKUP(Tabla1[[#This Row],[Número de documento del contacto]],'Resoluciones 1 (Res)'!$A:$C,2,0),"") -> 7565 | S6: =IFERROR(VLOOKUP(Tabla1[[#This Row],[Número de documento del contacto]],'Resoluciones 1 (Res)'!$A:$C,3,0),"") -> 46184.607 | T6: =IFERROR(VLOOKUP(Tabla1[[#This Row],[Número de documento del contacto]],'Resoluciones 2 (Req)'!$B:$E,3,0),"") -> 14645 | U6: =TEXT(F6, "d ""de"" mmmm ""de"" yyyy") -> 7 de mayo de 2026 | V6: =TEXT(P6, "d ""de"" mmmm ""de"" yyyy") -> 25 de marzo de 2026 | W6: ="1-" & ROWS($W$2:W6) & ".pdf" -> 1-5.pdf | X6: =Tabla1[[#This Row],[Número de documento del contacto]]&"-"&Tabla1[[#This Row],[Número de resolución de archivo]]&".pdf" -> 10026088-7565.pdf | Y6: ="ren """ & W6 & """ """ & X6 & """" -> ren "1-5.pdf" "10026088-7565.pdf" | Z6: =Tabla1[[#This Row],[Número de documento del contacto]]&"_"&Tabla1[[#This Row],[Número de resolución de archivo]]&".pdf" -> 10026088_7565.pdf | AA6: 10. Instructivo_Radicar_Activación_Credencial_DIGITAL_SIRNA.pdf | AB6: =Tabla1[[#This Row],[Nombre PDF / cedula + num resolucion]]&";"&Tabla1[[#This Row],[instructivo]] -> 10026088_7565.pdf;10. Instructivo_Radicar_Activación_Credencial_DIGITAL_SIRNA.pdf | AC6: =Tabla1[[#This Row],[Número de resolución de archivo]]&"_"&Tabla1[[#This Row],[Número de documento del contacto]] -> 7565_10026088
A7: 17229 | B7: Duvan Fabian Sanchez Vargas | C7: Requerido por documentación incompleta | D7: Posible Archivo | E7: Archivar | F7: 46149 | G7: 12561747 | H7: PEDRO LUIS ORTIZ CARRILLO | I7: PELORTIZ2010@GMAIL.COM | J7: Tarjeta Profesional Digital | K7: Único | L7: 46184 | M7: 35 | N7: SI | O7: SI | P7: 46105 | Q7: Cédula de ciudadanía | R7: =IFERROR(VLOOKUP(Tabla1[[#This Row],[Número de documento del contacto]],'Resoluciones 1 (Res)'!$A:$C,2,0),"") -> 7499 | S7: =IFERROR(VLOOKUP(Tabla1[[#This Row],[Número de documento del contacto]],'Resoluciones 1 (Res)'!$A:$C,3,0),"") -> 46184.607 | T7: =IFERROR(VLOOKUP(Tabla1[[#This Row],[Número de documento del contacto]],'Resoluciones 2 (Req)'!$B:$E,3,0),"") -> 14646 | U7: =TEXT(F7, "d ""de"" mmmm ""de"" yyyy") -> 7 de mayo de 2026 | V7: =TEXT(P7, "d ""de"" mmmm ""de"" yyyy") -> 24 de marzo de 2026 | W7: ="1-" & ROWS($W$2:W7) & ".pdf" -> 1-6.pdf | X7: =Tabla1[[#This Row],[Número de documento del contacto]]&"-"&Tabla1[[#This Row],[Número de resolución de archivo]]&".pdf" -> 12561747-7499.pdf | Y7: ="ren """ & W7 & """ """ & X7 & """" -> ren "1-6.pdf" "12561747-7499.pdf" | Z7: =Tabla1[[#This Row],[Número de documento del contacto]]&"_"&Tabla1[[#This Row],[Número de resolución de archivo]]&".pdf" -> 12561747_7499.pdf | AA7: 10. Instructivo_Radicar_Activación_Credencial_DIGITAL_SIRNA.pdf | AB7: =Tabla1[[#This Row],[Nombre PDF / cedula + num resolucion]]&";"&Tabla1[[#This Row],[instructivo]] -> 12561747_7499.pdf;10. Instructivo_Radicar_Activación_Credencial_DIGITAL_SIRNA.pdf | AC7: =Tabla1[[#This Row],[Número de resolución de archivo]]&"_"&Tabla1[[#This Row],[Número de documento del contacto]] -> 7499_12561747
A8: 17605 | B8: Duvan Fabian Sanchez Vargas | C8: Requerido por documentación incompleta | D8: Posible Archivo | E8: Archivar | F8: 46149 | G8: 13361702 | H8: JOSE ALEJANDRO PELAEZ ROMERO | I8: JOSPELROM@HOTMAIL.COM | J8: Tarjeta Profesional Digital | K8: Único | L8: 46184 | M8: 35 | N8: SI | O8: SI | P8: 46106 | Q8: Cédula de ciudadanía | R8: =IFERROR(VLOOKUP(Tabla1[[#This Row],[Número de documento del contacto]],'Resoluciones 1 (Res)'!$A:$C,2,0),"") -> 7647 | S8: =IFERROR(VLOOKUP(Tabla1[[#This Row],[Número de documento del contacto]],'Resoluciones 1 (Res)'!$A:$C,3,0),"") -> 46184.607 | T8: =IFERROR(VLOOKUP(Tabla1[[#This Row],[Número de documento del contacto]],'Resoluciones 2 (Req)'!$B:$E,3,0),"") -> 14647 | U8: =TEXT(F8, "d ""de"" mmmm ""de"" yyyy") -> 7 de mayo de 2026 | V8: =TEXT(P8, "d ""de"" mmmm ""de"" yyyy") -> 25 de marzo de 2026 | W8: ="1-" & ROWS($W$2:W8) & ".pdf" -> 1-7.pdf | X8: =Tabla1[[#This Row],[Número de documento del contacto]]&"-"&Tabla1[[#This Row],[Número de resolución de archivo]]&".pdf" -> 13361702-7647.pdf | Y8: ="ren """ & W8 & """ """ & X8 & """" -> ren "1-7.pdf" "13361702-7647.pdf" | Z8: =Tabla1[[#This Row],[Número de documento del contacto]]&"_"&Tabla1[[#This Row],[Número de resolución de archivo]]&".pdf" -> 13361702_7647.pdf | AA8: 10. Instructivo_Radicar_Activación_Credencial_DIGITAL_SIRNA.pdf | AB8: =Tabla1[[#This Row],[Nombre PDF / cedula + num resolucion]]&";"&Tabla1[[#This Row],[instructivo]] -> 13361702_7647.pdf;10. Instructivo_Radicar_Activación_Credencial_DIGITAL_SIRNA.pdf | AC8: =Tabla1[[#This Row],[Número de resolución de archivo]]&"_"&Tabla1[[#This Row],[Número de documento del contacto]] -> 7647_13361702
A9: 17765 | B9: Duvan Fabian Sanchez Vargas | C9: Requerido por documentación incompleta | D9: Posible Archivo | E9: Archivar | F9: 46149 | G9: 15442240 | H9: YOVANY ALONSO GOEZ | I9: YOVAGOEZ@HOTMAIL.COM | J9: Tarjeta Profesional Digital | K9: Único | L9: 46184 | M9: 35 | N9: SI | O9: SI | P9: 46107 | Q9: Cédula de ciudadanía | R9: =IFERROR(VLOOKUP(Tabla1[[#This Row],[Número de documento del contacto]],'Resoluciones 1 (Res)'!$A:$C,2,0),"") -> 7748 | S9: =IFERROR(VLOOKUP(Tabla1[[#This Row],[Número de documento del contacto]],'Resoluciones 1 (Res)'!$A:$C,3,0),"") -> 46184.607 | T9: =IFERROR(VLOOKUP(Tabla1[[#This Row],[Número de documento del contacto]],'Resoluciones 2 (Req)'!$B:$E,3,0),"") -> 14648 | U9: =TEXT(F9, "d ""de"" mmmm ""de"" yyyy") -> 7 de mayo de 2026 | V9: =TEXT(P9, "d ""de"" mmmm ""de"" yyyy") -> 26 de marzo de 2026 | W9: ="1-" & ROWS($W$2:W9) & ".pdf" -> 1-8.pdf | X9: =Tabla1[[#This Row],[Número de documento del contacto]]&"-"&Tabla1[[#This Row],[Número de resolución de archivo]]&".pdf" -> 15442240-7748.pdf | Y9: ="ren """ & W9 & """ """ & X9 & """" -> ren "1-8.pdf" "15442240-7748.pdf" | Z9: =Tabla1[[#This Row],[Número de documento del contacto]]&"_"&Tabla1[[#This Row],[Número de resolución de archivo]]&".pdf" -> 15442240_7748.pdf | AA9: 10. Instructivo_Radicar_Activación_Credencial_DIGITAL_SIRNA.pdf | AB9: =Tabla1[[#This Row],[Nombre PDF / cedula + num resolucion]]&";"&Tabla1[[#This Row],[instructivo]] -> 15442240_7748.pdf;10. Instructivo_Radicar_Activación_Credencial_DIGITAL_SIRNA.pdf | AC9: =Tabla1[[#This Row],[Número de resolución de archivo]]&"_"&Tabla1[[#This Row],[Número de documento del contacto]] -> 7748_15442240
A10: 13460 | B10: Duvan Fabian Sanchez Vargas | C10: Requerido por documentación incompleta | D10: Posible Archivo | E10: Archivar | F10: 46149 | G10: 18497207 | H10: OLMES PAEZ PERILLA | I10: OLMESPERILLA@GMAIL.COM | J10: Tarjeta Profesional Digital | K10: Único | L10: 46184 | M10: 35 | N10: SI | O10: SI | P10: 46082 | Q10: Cédula de ciudadanía | R10: =IFERROR(VLOOKUP(Tabla1[[#This Row],[Número de documento del contacto]],'Resoluciones 1 (Res)'!$A:$C,2,0),"") -> 7569 | S10: =IFERROR(VLOOKUP(Tabla1[[#This Row],[Número de documento del contacto]],'Resoluciones 1 (Res)'!$A:$C,3,0),"") -> 46184.607 | T10: =IFERROR(VLOOKUP(Tabla1[[#This Row],[Número de documento del contacto]],'Resoluciones 2 (Req)'!$B:$E,3,0),"") -> 14789 | U10: =TEXT(F10, "d ""de"" mmmm ""de"" yyyy") -> 7 de mayo de 2026 | V10: =TEXT(P10, "d ""de"" mmmm ""de"" yyyy") -> 1 de marzo de 2026 | W10: ="1-" & ROWS($W$2:W10) & ".pdf" -> 1-9.pdf | X10: =Tabla1[[#This Row],[Número de documento del contacto]]&"-"&Tabla1[[#This Row],[Número de resolución de archivo]]&".pdf" -> 18497207-7569.pdf | Y10: ="ren """ & W10 & """ """ & X10 & """" -> ren "1-9.pdf" "18497207-7569.pdf" | Z10: =Tabla1[[#This Row],[Número de documento del contacto]]&"_"&Tabla1[[#This Row],[Número de resolución de archivo]]&".pdf" -> 18497207_7569.pdf | AA10: 10. Instructivo_Radicar_Activación_Credencial_DIGITAL_SIRNA.pdf | AB10: =Tabla1[[#This Row],[Nombre PDF / cedula + num resolucion]]&";"&Tabla1[[#This Row],[instructivo]] -> 18497207_7569.pdf;10. Instructivo_Radicar_Activación_Credencial_DIGITAL_SIRNA.pdf | AC10: =Tabla1[[#This Row],[Número de resolución de archivo]]&"_"&Tabla1[[#This Row],[Número de documento del contacto]] -> 7569_18497207
A11: 17635 | B11: Duvan Fabian Sanchez Vargas | C11: Requerido por documentación incompleta | D11: Posible Archivo | E11: Archivar | F11: 46149 | G11: 18507721 | H11: GILBERTO SERNA GIRALDO | I11: GSERNAG@HOTMAIL.COM | J11: Tarjeta Profesional Digital | K11: Único | L11: 46184 | M11: 35 | N11: SI | O11: SI | P11: 46107 | Q11: Cédula de ciudadanía | R11: =IFERROR(VLOOKUP(Tabla1[[#This Row],[Número de documento del contacto]],'Resoluciones 1 (Res)'!$A:$C,2,0),"") -> 7451 | S11: =IFERROR(VLOOKUP(Tabla1[[#This Row],[Número de documento del contacto]],'Resoluciones 1 (Res)'!$A:$C,3,0),"") -> 46184.607 | T11: =IFERROR(VLOOKUP(Tabla1[[#This Row],[Número de documento del contacto]],'Resoluciones 2 (Req)'!$B:$E,3,0),"") -> 14649 | U11: =TEXT(F11, "d ""de"" mmmm ""de"" yyyy") -> 7 de mayo de 2026 | V11: =TEXT(P11, "d ""de"" mmmm ""de"" yyyy") -> 26 de marzo de 2026 | W11: ="1-" & ROWS($W$2:W11) & ".pdf" -> 1-10.pdf | X11: =Tabla1[[#This Row],[Número de documento del contacto]]&"-"&Tabla1[[#This Row],[Número de resolución de archivo]]&".pdf" -> 18507721-7451.pdf | Y11: ="ren """ & W11 & """ """ & X11 & """" -> ren "1-10.pdf" "18507721-7451.pdf" | Z11: =Tabla1[[#This Row],[Número de documento del contacto]]&"_"&Tabla1[[#This Row],[Número de resolución de archivo]]&".pdf" -> 18507721_7451.pdf | AA11: 10. Instructivo_Radicar_Activación_Credencial_DIGITAL_SIRNA.pdf | AB11: =Tabla1[[#This Row],[Nombre PDF / cedula + num resolucion]]&";"&Tabla1[[#This Row],[instructivo]] -> 18507721_7451.pdf;10. Instructivo_Radicar_Activación_Credencial_DIGITAL_SIRNA.pdf | AC11: =Tabla1[[#This Row],[Número de resolución de archivo]]&"_"&Tabla1[[#This Row],[Número de documento del contacto]] -> 7451_18507721
A12: 17255 | B12: Duvan Fabian Sanchez Vargas | C12: Requerido por documentación incompleta | D12: Posible Archivo | E12: Archivar | F12: 46149 | G12: 19444266 | H12: RODRIGO ANTONIO BELTRAN ANGULO | I12: BELTRANRODRIGO@GMAIL.COM | J12: Tarjeta Profesional Digital | K12: Único | L12: 46184 | M12: 35 | N12: SI | O12: SI | P12: 46105 | Q12: Cédula de ciudadanía | R12: =IFERROR(VLOOKUP(Tabla1[[#This Row],[Número de documento del contacto]],'Resoluciones 1 (Res)'!$A:$C,2,0),"") -> 7640 | S12: =IFERROR(VLOOKUP(Tabla1[[#This Row],[Número de documento del contacto]],'Resoluciones 1 (Res)'!$A:$C,3,0),"") -> 46184.607 | T12: =IFERROR(VLOOKUP(Tabla1[[#This Row],[Número de documento del contacto]],'Resoluciones 2 (Req)'!$B:$E,3,0),"") -> 14650 | U12: =TEXT(F12, "d ""de"" mmmm ""de"" yyyy") -> 7 de mayo de 2026 | V12: =TEXT(P12, "d ""de"" mmmm ""de"" yyyy") -> 24 de marzo de 2026 | W12: ="1-" & ROWS($W$2:W12) & ".pdf" -> 1-11.pdf | X12: =Tabla1[[#This Row],[Número de documento del contacto]]&"-"&Tabla1[[#This Row],[Número de resolución de archivo]]&".pdf" -> 19444266-7640.pdf | Y12: ="ren """ & W12 & """ """ & X12 & """" -> ren "1-11.pdf" "19444266-7640.pdf" | Z12: =Tabla1[[#This Row],[Número de documento del contacto]]&"_"&Tabla1[[#This Row],[Número de resolución de archivo]]&".pdf" -> 19444266_7640.pdf | AA12: 10. Instructivo_Radicar_Activación_Credencial_DIGITAL_SIRNA.pdf | AB12: =Tabla1[[#This Row],[Nombre PDF / cedula + num resolucion]]&";"&Tabla1[[#This Row],[instructivo]] -> 19444266_7640.pdf;10. Instructivo_Radicar_Activación_Credencial_DIGITAL_SIRNA.pdf | AC12: =Tabla1[[#This Row],[Número de resolución de archivo]]&"_"&Tabla1[[#This Row],[Número de documento del contacto]] -> 7640_19444266
A13: 17792 | B13: Duvan Fabian Sanchez Vargas | C13: Requerido por documentación incompleta | D13: Posible Archivo | E13: Archivar | F13: 46149 | G13: 22478665 | H13: SANDRA MILENA GONZALEZ VESGA | I13: GONZALEZSANDRA28@HOTMAIL.COM | J13: Tarjeta Profesional Digital | K13: Único | L13: 46184 | M13: 35 | N13: SI | O13: SI | P13: 46107 | Q13: Cédula de ciudadanía | R13: =IFERROR(VLOOKUP(Tabla1[[#This Row],[Número de documento del contacto]],'Resoluciones 1 (Res)'!$A:$C,2,0),"") -> 7651 | S13: =IFERROR(VLOOKUP(Tabla1[[#This Row],[Número de documento del contacto]],'Resoluciones 1 (Res)'!$A:$C,3,0),"") -> 46184.607 | T13: =IFERROR(VLOOKUP(Tabla1[[#This Row],[Número de documento del contacto]],'Resoluciones 2 (Req)'!$B:$E,3,0),"") -> 14651 | U13: =TEXT(F13, "d ""de"" mmmm ""de"" yyyy") -> 7 de mayo de 2026 | V13: =TEXT(P13, "d ""de"" mmmm ""de"" yyyy") -> 26 de marzo de 2026 | W13: ="1-" & ROWS($W$2:W13) & ".pdf" -> 1-12.pdf | X13: =Tabla1[[#This Row],[Número de documento del contacto]]&"-"&Tabla1[[#This Row],[Número de resolución de archivo]]&".pdf" -> 22478665-7651.pdf | Y13: ="ren """ & W13 & """ """ & X13 & """" -> ren "1-12.pdf" "22478665-7651.pdf" | Z13: =Tabla1[[#This Row],[Número de documento del contacto]]&"_"&Tabla1[[#This Row],[Número de resolución de archivo]]&".pdf" -> 22478665_7651.pdf | AA13: 10. Instructivo_Radicar_Activación_Credencial_DIGITAL_SIRNA.pdf | AB13: =Tabla1[[#This Row],[Nombre PDF / cedula + num resolucion]]&";"&Tabla1[[#This Row],[instructivo]] -> 22478665_7651.pdf;10. Instructivo_Radicar_Activación_Credencial_DIGITAL_SIRNA.pdf | AC13: =Tabla1[[#This Row],[Número de resolución de archivo]]&"_"&Tabla1[[#This Row],[Número de documento del contacto]] -> 7651_22478665
... A320: 14975 | B320: Duvan Fabian Sanchez Vargas | C320: Requerido por documentación incompleta | D320: Posible Archivo | E320: Archivar | F320: 46120 | G320: 1234890678 | H320: GLADYS JHOANNA HERRERA CHAMORRO | I320: GLADISHERRERA10@GMAIL.COM | J320: Tarjeta Profesional Digital | K320: Único | L320: 46184 | M320: 64 | N320: SI | O320: SI | P320: 46091 | Q320: Cédula de ciudadanía | R320: =IFERROR(VLOOKUP(Tabla1[[#This Row],[Número de documento del contacto]],'Resoluciones 1 (Res)'!$A:$C,2,0),"") -> 7498 | S320: =IFERROR(VLOOKUP(Tabla1[[#This Row],[Número de documento del contacto]],'Resoluciones 1 (Res)'!$A:$C,3,0),"") -> 46184.607 | T320: =IFERROR(VLOOKUP(Tabla1[[#This Row],[Número de documento del contacto]],'Resoluciones 2 (Req)'!$B:$E,3,0),"") -> 12099 | U320: =TEXT(F320, "d ""de"" mmmm ""de"" yyyy") -> 8 de abril de 2026 | V320: =TEXT(P320, "d ""de"" mmmm ""de"" yyyy") -> 10 de marzo de 2026 | W320: ="1-" & ROWS($W$2:W320) & ".pdf" -> 1-319.pdf | X320: =Tabla1[[#This Row],[Número de documento del contacto]]&"-"&Tabla1[[#This Row],[Número de resolución de archivo]]&".pdf" -> 1234890678-7498.pdf | Y320: ="ren """ & W320 & """ """ & X320 & """" -> ren "1-319.pdf" "1234890678-7498.pdf" | Z320: =Tabla1[[#This Row],[Número de documento del contacto]]&"_"&Tabla1[[#This Row],[Número de resolución de archivo]]&".pdf" -> 1234890678_7498.pdf | AA320: 10. Instructivo_Radicar_Activación_Credencial_DIGITAL_SIRNA.pdf | AB320: =Tabla1[[#This Row],[Nombre PDF / cedula + num resolucion]]&";"&Tabla1[[#This Row],[instructivo]] -> 1234890678_7498.pdf;10. Instructivo_Radicar_Activación_Credencial_DIGITAL_SIRNA.pdf | AC320: =Tabla1[[#This Row],[Número de resolución de archivo]]&"_"&Tabla1[[#This Row],[Número de documento del contacto]] -> 7498_1234890678

Sheet Base LT
A1: Consecutivo radicación (Núm. Trámite) | B1: Gestor de tramite | C1: Razón para el estado | D1: Observaciones | E1: Recordatorio | F1: Fecha de creación (Fecha último requerimiento) | G1: Número de documento del contacto | H1: Contacto | I1: Correo electrónico (Contacto) | J1: Tipo trámite | K1: Eliminar Dupl. | L1: Fecha (Fecha de archivo) | M1: Dias. Dif | N1: Mas de 1 Reque. | O1: Mayor a 30 días | P1: Fecha de radicación (Trámite) | Q1: Tipo de documento del contacto | R1: Número de resolución de archivo | S1: Fecha de resolución de archivo | T1: Número de requerimento | U1: Texto Fecha de creación (Fecha último requerimiento) | V1: Texto Fecha de radicación (Trámite) | W1: Num. Automatico de pdf | X1: Archivo de resolución | Y1: Nombre del archivo de resolución | Z1: Nombre PDF / cedula + num resolucion | AA1: instructivo | AB1: Resolucion + instrucctivo separado de ; | AC1: Nombre carpeta
A2: 11535 | B2: Duvan Fabian Sanchez Vargas | C2: Requerido por documentación incompleta | D2: Posible Archivo | E2: Archivar | F2: 46094 | G2: 79540945 | H2: WILLIAM RESTREPO NARANJO | I2: CONSULTORPROCESOSJUDICIALES@GMAIL.COM | J2: Licencia Temporal Digital | K2: Único | L2: 46125 | M2: 31 | N2: SI | O2: SI | P2: 46072 | Q2: Cédula de ciudadanía | R2: =IFERROR(VLOOKUP(Tabla15[[#This Row],[Número de documento del contacto]],'Resoluciones 1 (Res)'!$A:$C,2,0),"") | S2: =IFERROR(VLOOKUP(Tabla15[[#This Row],[Número de documento del contacto]],'Resoluciones 1 (Res)'!$A:$C,3,0),"") | T2: =IFERROR(VLOOKUP(Tabla15[[#This Row],[Número de documento del contacto]],'Resoluciones 2 (Req)'!$A:$E,4,0),"") | U2: =TEXT(F2, "d ""de"" mmmm ""de"" yyyy") -> 13 de marzo de 2026 | V2: =TEXT(P2, "d ""de"" mmmm ""de"" yyyy") -> 19 de febrero de 2026 | W2: ="1-" & ROWS($W$2:W2) & ".pdf" -> 1-1.pdf | X2: =Tabla15[[#This Row],[Número de documento del contacto]]&"-"&Tabla15[[#This Row],[Número de resolución de archivo]]&".pdf" -> 79540945-.pdf | Y2: ="ren """ & W2 & """ """ & X2 & """" -> ren "1-1.pdf" "79540945-.pdf" | Z2: =Tabla15[[#This Row],[Número de documento del contacto]]&" - "&Tabla15[[#This Row],[Número de resolución de archivo]]&".pdf" -> 79540945 - .pdf | AA2: 10. Instructivo_Radicar_Activación_Credencial_DIGITAL_SIRNA.pdf | AB2: =Tabla15[[#This Row],[Nombre PDF / cedula + num resolucion]]&";"&Tabla15[[#This Row],[instructivo]] -> 79540945 - .pdf;10. Instructivo_Radicar_Activación_Credencial_DIGITAL_SIRNA.pdf | AC2: =Tabla15[[#This Row],[Número de resolución de archivo]]&" - "&Tabla15[[#This Row],[Número de documento del contacto]] -> - 79540945
A3: 15579 | B3: Duvan Fabian Sanchez Vargas | C3: Requerido por documentación incompleta | D3: Posible Archivo | E3: Archivar | F3: 46094 | G3: 80756495 | H3: JONATHAN SEBASTIAN LUNA BLANCO | I3: JONLUNA.DER@HOTMAIL.COM | J3: Licencia Temporal Digital | K3: Único | L3: 46125 | M3: 31 | N3: SI | O3: SI | P3: 46093 | Q3: Cédula de ciudadanía | R3: =IFERROR(VLOOKUP(Tabla15[[#This Row],[Número de documento del contacto]],'Resoluciones 1 (Res)'!$A:$C,2,0),"") | S3: =IFERROR(VLOOKUP(Tabla15[[#This Row],[Número de documento del contacto]],'Resoluciones 1 (Res)'!$A:$C,3,0),"") | T3: =IFERROR(VLOOKUP(Tabla15[[#This Row],[Número de documento del contacto]],'Resoluciones 2 (Req)'!$A:$E,4,0),"") | U3: =TEXT(F3, "d ""de"" mmmm ""de"" yyyy") -> 13 de marzo de 2026 | V3: =TEXT(P3, "d ""de"" mmmm ""de"" yyyy") -> 12 de marzo de 2026 | W3: ="1-" & ROWS($W$2:W3) & ".pdf" -> 1-2.pdf | X3: =Tabla15[[#This Row],[Número de documento del contacto]]&"-"&Tabla15[[#This Row],[Número de resolución de archivo]]&".pdf" -> 80756495-.pdf | Y3: ="ren """ & W3 & """ """ & X3 & """" -> ren "1-2.pdf" "80756495-.pdf" | Z3: =Tabla15[[#This Row],[Número de documento del contacto]]&" - "&Tabla15[[#This Row],[Número de resolución de archivo]]&".pdf" -> 80756495 - .pdf | AA3: 10. Instructivo_Radicar_Activación_Credencial_DIGITAL_SIRNA.pdf | AB3: =Tabla15[[#This Row],[Nombre PDF / cedula + num resolucion]]&";"&Tabla15[[#This Row],[instructivo]] -> 80756495 - .pdf;10. Instructivo_Radicar_Activación_Credencial_DIGITAL_SIRNA.pdf | AC3: =Tabla15[[#This Row],[Número de resolución de archivo]]&" - "&Tabla15[[#This Row],[Número de documento del contacto]] -> - 80756495

Sheet Resoluciones 1 (Res)
A1: Número de documento | B1: Número de resolución | C1: Fecha de creación
A2: 10002716 | B2: 7517 | C2: 46184.607
A3: 1000576009 | B3: 7528 | C3: 46184.607
A4: 1000613482 | B4: 7705 | C4: 46184.607
A5: 1001219032 | B5: 7578 | C5: 46184.607
A6: 1001687551 | B6: 7736 | C6: 46184.607
A7: 10026088 | B7: 7565 | C7: 46184.607
A8: 1003125775 | B8: 7590 | C8: 46184.607
A9: 1004345578 | B9: 7556 | C9: 46184.607
A10: 1004346158 | B10: 7497 | C10: 46184.607
A11: 1005565168 | B11: 7441 | C11: 46184.607
A12: 1005646617 | B12: 7473 | C12: 46184.607
A13: 1005662415 | B13: 7466 | C13: 46184.607
... A320: 98762001 | B320: 7558 | C320: 46184.607

Sheet Resoluciones 2 (Req)
A1: Consecutivo radicación (Trámite) | B1: Número de documento del contacto (Trámite) | C1: Fecha de creación | D1: Código | E1: Duplicado
A2: 27510 | B2: 1000001669 | C2: 45874.656 | D2: 12468 | E2: =IF(COUNTIF($B$2:B2,B2)>1,"Duplicado","Único") -> Único
A3: 39269 | B3: 1000047149 | C3: 45930.377 | D3: 19070 | E3: =IF(COUNTIF($B$2:B3,B3)>1,"Duplicado","Único") -> Único
A4: 19178 | B4: 1000048096 | C4: 45813.739 | D4: 7871 | E4: =IF(COUNTIF($B$2:B4,B4)>1,"Duplicado","Único") -> Único
A5: 23728 | B5: 1000076907 | C5: 45842.491 | D5: 9437 | E5: =IF(COUNTIF($B$2:B5,B5)>1,"Duplicado","Único") -> Único
A6: 28593 | B6: 1000090178 | C6: 45888.596 | D6: 14215 | E6: =IF(COUNTIF($B$2:B6,B6)>1,"Duplicado","Único") -> Único
A7: 26579 | B7: 1000145846 | C7: 45867.615 | D7: 11670 | E7: =IF(COUNTIF($B$2:B7,B7)>1,"Duplicado","Único") -> Único
A8: 50960 | B8: 1000179029 | C8: 46050.686 | D8: 3491 | E8: =IF(COUNTIF($B$2:B8,B8)>1,"Duplicado","Único") -> Único
A9: 50960 | B9: 1000179029 | C9: 46000.615 | D9: 26743 | E9: =IF(COUNTIF($B$2:B9,B9)>1,"Duplicado","Único") -> Duplicado
A10: 44237 | B10: 1000180852 | C10: 45958.423 | D10: 22345 | E10: =IF(COUNTIF($B$2:B10,B10)>1,"Duplicado","Único") -> Único
A11: 44237 | B11: 1000180852 | C11: 45958.422 | D11: 22342 | E11: =IF(COUNTIF($B$2:B11,B11)>1,"Duplicado","Único") -> Duplicado
A12: 19985 | B12: 1000225493 | C12: 45819.659 | D12: 8130 | E12: =IF(COUNTIF($B$2:B12,B12)>1,"Duplicado","Único") -> Único
A13: 17276 | B13: 1000252520 | C13: 45790.518 | D13: 6226 | E13: =IF(COUNTIF($B$2:B13,B13)>1,"Duplicado","Único") -> Único
... A1947: 48260 | B1947: 1110540347 | C1947: 45975.663 | D1947: 24528 | E1947: =IF(COUNTIF($B$2:B1947,B1947)>1,"Duplicado","Único") -> Único
A1948: 3149 | B1948: 1110540763 | C1948: 46086.791 | D1948: 9088 | E1948: =IF(COUNTIF($B$2:B2580,B1948)>1,"Duplicado","Único") -> Duplicado
A1949: 3149 | B1949: 1110540763 | C1949: 46055.404 | D1949: 4080 | E1949: =IF(COUNTIF($B$2:B1949,B1949)>1,"Duplicado","Único") -> Duplicado
A1950: 52848 | B1950: 1110560190 | C1950: 46051.639 | D1950: 3754 | E1950: =IF(COUNTIF($B$2:B1950,B1950)>1,"Duplicado","Único") -> Único
A1951: 52848 | B1951: 1110560190 | C1951: 46009.391 | D1951: 27673 | E1951: =IF(COUNTIF($B$2:B1951,B1951)>1,"Duplicado","Único") -> Duplicado
A1952: 22118 | B1952: 1110561998 | C1952: 45835.673 | D1952: 9026 | E1952: =IF(COUNTIF($B$2:B1952,B1952)>1,"Duplicado","Único") -> Único
A1953: 31985 | B1953: 1110565893 | C1953: 45908.344 | D1953: 16002 | E1953: =IF(COUNTIF($B$2:B1953,B1953)>1,"Duplicado","Único") -> Único
A1954: 21822 | B1954: 1110565893 | C1954: 45834.515 | D1954: 8879 | E1954: =IF(COUNTIF($B$2:B1954,B1954)>1,"Duplicado","Único") -> Duplicado
A1955: 43848 | B1955: 1110569166 | C1955: 45957.712 | D1955: 22304 | E1955: =IF(COUNTIF($B$2:B1955,B1955)>1,"Duplicado","Único") -> Único
A1956: 49899 | B1956: 1110571779 | C1956: 46050.496 | D1956: 3255 | E1956: =IF(COUNTIF($B$2:B1956,B1956)>1,"Duplicado","Único") -> Único
A1957: 49899 | B1957: 1110571779 | C1957: 45986.366 | D1957: 25335 | E1957: =IF(COUNTIF($B$2:B1957,B1957)>1,"Duplicado","Único") -> Duplicado
A1958: 39415 | B1958: 1110574938 | C1958: 45930.394 | D1958: 19084 | E1958: =IF(COUNTIF($B$2:B1958,B1958)>1,"Duplicado","Único") -> Único
A1959: 49443 | B1959: 1110576229 | C1959: 45981.683 | D1959: 25023 | E1959: =IF(COUNTIF($B$2:B1959,B1959)>1,"Duplicado","Único") -> Único
A1960: 44183 | B1960: 1110581590 | C1960: 45958.397 | D1960: 22336 | E1960: =IF(COUNTIF($B$2:B1960,B1960)>1,"Duplicado","Único") -> Único
... A3971: 37032 | B3971: 98765398 | C3971: 45922.382 | D3971: 17908 | E3971: =IF(COUNTIF($B$2:B3971,B3971)>1,"Duplicado","Único") -> Único
